{
	"filename": "s544.challenge.html",
	"data": {
		"id": 15,
		"activity_title": "Abacus - Mystery decimal (Challenge) ",
		"courseTitle": "Mystery decimal ",
		"effects": [{
				"id": 0,
				"audio": "button-click.mp3"
			},
			{
				"id": 1,
				"audio": "drag-mouse-down.mp3"
			},
			{
				"id": 2,
				"audio": "ClueSound16.mp3"
			},
			{
				"id": 3,
				"audio": "sound_success.mp3"
			},
			{
				"id": 4,
				"audio": "sound_failure.mp3"
			},
			{
				"id": 5,
				"audio": "sound_click_loud.mp3"
			}
		],
		"activity":["activityOne","activityTwo","activityThree"],
		"answers":{"activityOne":[4,2,7,7,5], 
					"activityTwo":[5,8,1,2,5],
					"activityThree": [6,2,3,8,0]
		},
		"mysteryNumberUnits":[
			{
				"unit":"H",
				"value":"Hundreds digit",
				"ariaLabelHeader":"Shades all numbers in the hundreds column of the grid",
				"unitsDescribtion":"hundreds place",
				"text":" Hundreds digit ",
				"isDecimalRequire":false,
				"addShaded":"",
				"disabled":false
			},
			{
				"unit":"T",
				"value":"Tens digit",
				"ariaLabelHeader":"Shades all numbers in the tens column of the grid",
				"unitsDescribtion":"tens place",
				"text":" Tens digit ",
				"isDecimalRequire":false,
				"addShaded":"",
				"disabled":false
			},
			{
				"unit":"U",
				"value":"Units digit",
				"ariaLabelHeader":"Shades all numbers in the units column of the grid",
				"unitsDescribtion":"units place",
				"text":" Units digit ",
				"isDecimalRequire":true,
				"addShaded":"",
				"disabled":false
			},
			{
				"unit":"t",
				"value":"tens digit of the decimal part",
				"ariaLabelHeader":"Shades all numbers in the tens column of the decimal part of the grid",
				"unitsDescribtion":"tens place of the decimal part",
				"text":" tens digit in decimal part ",
				"isDecimalRequire":false,
				"addShaded":"",
				"disabled":false
			},	
			{
				"unit":"h",
				"value":"hundreds digit of the decimal part",
				"ariaLabelHeader":"Shades all numbers in the hundreds column of the decimal part of the grid",
				"unitsDescribtion":"hundreds place of the decimal part",
				"text":" hundreds digit in decimal part ",
				"isDecimalRequire":false,
				"addShaded":"",
				"disabled":false
			}
			

		],
		"clueContent":{
		"activityOne":[
		{"blue":"The number is > 300.","green":"The number is < 600.","blueAudio":"ClueSound1.mp3","greenAudio":"ClueSound2.mp3"},
		{"blue":"The tens digit is even.","green":"The hundreds digit is even.","blueAudio":"ClueSound3.mp3","greenAudio":"ClueSound4.mp3"},
		{"blue":"Two consecutive digits are the same.","green":"The decimal part of the number is equivalent to three quarters.","blueAudio":"ClueSound5.mp3","greenAudio":"ClueSound6.mp3"},
		{"blue":"The smallest digit is the tens digit.","green":"The last three digits are odd.","blueAudio":"ClueSound7.mp3","greenAudio":"ClueSound8.mp3"}		
		],
		"activityTwo":[
		{"blue":"The number is > 400.","green":"The number is < 800.","blueAudio":"ClueSound9.mp3","greenAudio":"ClueSound10.mp3"},
		{"blue":"The tens digit is even.","green":"The hundreds digit is odd.","blueAudio":"ClueSound11.mp3","greenAudio":"ClueSound12.mp3"},		
		{"blue":"The decimal part of the number is equivalent to one quarter.",
		"green":"The sum of the last three digits is 8.","blueAudio":"ClueSound13.mp3","greenAudio":"ClueSound14.mp3"},
		{"blue":"The tens digit is greater than all the other numbers.","green":"The hundreds digit and the tens digit are not consecutive.","blueAudio":"ClueSound15.mp3","greenAudio":"ClueSound16.mp3"}	
		],
		"activityThree":[
		{"blue":"The number is > 500.","green":"The number is < 800.","blueAudio":"ClueSound17.mp3","greenAudio":"ClueSound18.mp3"},
		{"blue":"The tens digit is even.","green":"The hundreds digit is even.","blueAudio":"ClueSound19.mp3","greenAudio":"ClueSound20.mp3"},
		{"blue":"The tens digit and the units digit are consecutive.","green":"The decimal part of the number is equivalent to four fifths.","blueAudio":"ClueSound21.mp3","greenAudio":"ClueSound22.mp3"},
		{"blue":"The units digit is half the hundreds digit.","green":"The tens digit is the second smallest number.","blueAudio":"ClueSound23.mp3","greenAudio":"ClueSound24.mp3"}		
		]
		},
		"narrations": [{
				"id": 0,
				"content":"The computer is thinking of a mystery number. Use the clues to help you work out each digit in the number. Click to eliminate a digit on the grid.",
				"audio": "NarSound1.mp3"
			},
			{
				"id": 1,
				"content":"You have one digit left in each column. If you’re happy with your choices, click ‘Check’ to see if you have found the mystery number.",
				"audio": "NarSound2.mp3"
			},
			{
				"id": 2,
				"content":"You are aiming to eliminate all but one digit in each column. The last digit becomes your guess for that digit in the computer’s mystery number.",
				"audio": "NarSound3.mp3"
			},
			{
				"id": 3,
				"content":"Well done, you’ve found the mystery number!",
				"audio": "NarSound4.mp3"
			},
			{
				"id": 4,
				"content":"That’s not the mystery number. Use the clues to check through your answer again.",
				"audio": "NarSound5.mp3"
			},
			{
				"id": 5,
				"content":"You’ve still not found the mystery number, so keep trying. Any correct digits are highlighted to help you.",
				"audio": "NarSound6.mp3"
			},
			{
				"id": 6,
				"content":"You didn’t manage to find the mystery number. The correct answer is shown below.",
				"audio": "NarSound7.mp3"
			}
		]
	}


}