{
	"backgroundStyle":{
		"backgroundColor":"#03A9F4",
		"color":"#03A9F4"
	},
	"profile":[
		{
			"name":"Selvaganesh",
			"D.O.B":"07/08/1992",
			"Qualification":"B.E",
			"Nationality":"Indian",
			"Address":"40/22 North Street Sivalvilaiputhur Udangudi"
			
		},
		{
			"image":"main.jpg"
		}
		],
	"Resume":{
		
		"Education":{
			"heading":"Education",
			"content":{
				"Degree":{
					"heading":"Bachelor Of Engineering/2013",
					"content":"Completed Bachelor Of Engineering in JACSI Anna University Affliated College."
					},
				"HSC":{
					"heading":"HSC",
					"content":"Completed HSC in RKC School."
				},
				"SSLC":{
					"heading":"SSLC",
					"content":"Completed HSC in RKC School."
				}
			}
		},
		"Experience":{
			"heading":"Experience",
			"content":{
				"Service Provider":{
					"heading":"Service Provider",
					"content":"Completed Bachelor Of Engineering in JACSI Anna University Affliated College."
					},
				"UI-developer":{
					"heading":"UI-developer/UI-designer",
					"content":"HTML CSS JAVASCRIPT"
				}
			}
		}
	},
	"Skills":{
		"heading":"Skills",
		"content":{
			"HTML":"97",
			"CSS":"90",
			"Javascript":"85"
		}
		
	
	},
	"Contact":{
		"heading":"Contact Form",
		"content":{
		
		}
	}
}	