
{
	"DareDataSent": [
		{
		"question": "What does selva prefer?",
		"option":["coffee","tea"],
		"answer": "",
		"alt":["cup of coffee","cup of tea"]
		},
		{
			"question": "Selva like spiderman or superman?",
			"option":["spiderman","superman"],
			"answer": "",
			"alt":["spiderman","superman"]
		},
		{
			"question": "What does selva like?",
			"option":["singing","dancing"],
			"answer": "",
			"alt":["singing","dancing"]
		},
		{
			"question": "What does selva rather choose?",
			"option":["jump","fly"],
			"answer": "",
			"alt":["jump","fly"]
		}

	],
	"dareDataRecieved":["cup of tea","superman","dancing","fly"]

}